record_id,household_size,home_area_sqft,home_type,season,avg_temp_c,ac_usage_hours,num_appliances,prev_month_units,units_consumed,bill_amount
1,6,856,Apartment,Monsoon,29.4,2.4,7,320.5,173.3,876.45
2,2,1352,Villa,Summer,34.9,5.6,16,539.3,257.8,1425.7
3,3,1538,Apartment,Winter,9.9,9.6,13,230.8,229.8,1243.7
4,4,2596,Apartment,Spring,24.6,0.8,12,481.6,181.2,927.8
5,2,1585,Apartment,Winter,13.3,8.7,15,199.4,228.7,1236.55
6,6,3054,Apartment,Winter,9.9,5.3,10,397.5,284.9,1601.85
7,7,629,Apartment,Summer,35.5,8.1,15,259.4,366.4,2244.48
8,4,3033,Independent House,Winter,12.0,2.6,10,412.6,263.9,1465.35
9,2,2487,Independent House,Summer,34.0,7.6,6,299.3,233.9,1270.35
10,4,2567,Independent House,Summer,40.9,6.8,6,143.6,279.9,1569.35
11,4,413,Villa,Monsoon,27.8,9.7,8,369.4,219.7,1178.05
12,3,1061,Villa,Summer,32.3,6.0,18,255.3,248.1,1362.65
13,5,722,Apartment,Spring,22.1,8.2,7,577.3,218.5,1170.25
14,2,2608,Villa,Winter,13.4,7.1,15,149.0,256.9,1419.85
15,5,2668,Apartment,Winter,16.8,0.1,4,215.7,173.4,877.1
16,2,2608,Apartment,Spring,23.4,2.4,18,321.4,219.9,1179.35
17,6,621,Villa,Summer,42.4,0.6,13,159.9,199.5,1046.75
18,4,1423,Apartment,Spring,27.8,8.1,6,608.0,240.3,1311.95
19,2,2064,Independent House,Spring,23.1,2.1,15,608.1,203.8,1074.7
20,3,2132,Villa,Spring,20.5,1.5,12,258.8,161.4,799.1
21,4,2459,Villa,Winter,5.9,0.6,5,310.2,196.2,1025.3
22,5,2835,Apartment,Summer,44.2,4.2,13,305.6,320.2,1865.64
23,3,2272,Independent House,Summer,33.0,0.1,6,582.1,154.2,752.3
24,3,1567,Apartment,Spring,20.1,8.3,12,545.7,224.9,1211.85
25,6,824,Apartment,Monsoon,25.7,1.2,6,275.4,182.5,936.25
26,7,1481,Villa,Spring,20.0,2.5,4,519.5,208.0,1102.0
27,3,1061,Villa,Spring,25.5,5.5,16,165.0,205.1,1083.15
28,3,2785,Villa,Winter,16.7,4.3,4,592.4,176.6,897.9
29,1,1848,Villa,Spring,26.4,9.7,7,180.9,187.8,970.7
30,2,1760,Independent House,Winter,5.5,2.7,6,603.5,170.7,859.55
31,7,1332,Apartment,Summer,36.3,6.6,15,445.6,346.5,2081.3
32,7,2596,Independent House,Summer,34.3,1.2,11,327.7,273.2,1525.8
33,3,2187,Villa,Summer,35.3,3.9,9,386.9,222.1,1193.65
34,6,3146,Apartment,Monsoon,24.7,4.3,13,369.1,296.2,1675.3
35,3,2048,Villa,Monsoon,28.1,5.5,9,430.8,199.0,1043.5
36,5,401,Independent House,Monsoon,25.3,2.1,13,593.7,215.8,1152.7
37,2,3098,Apartment,Monsoon,25.4,5.2,13,539.7,206.7,1093.55
38,1,1402,Independent House,Summer,41.3,4.6,9,471.9,207.9,1101.35
39,7,836,Independent House,Winter,8.2,1.8,17,536.8,323.8,1895.16
40,5,1699,Independent House,Spring,22.1,8.3,17,220.9,312.7,1804.14
41,7,2535,Independent House,Winter,8.0,2.7,5,125.9,241.4,1319.1
42,2,1276,Apartment,Spring,27.2,4.1,17,412.9,221.7,1191.05
43,7,2758,Independent House,Spring,26.7,0.1,14,386.8,279.4,1566.1
44,7,2870,Apartment,Spring,26.4,2.2,16,492.8,320.3,1866.46
45,2,2948,Villa,Summer,33.1,9.1,3,228.3,226.0,1219.0
46,4,1738,Independent House,Spring,24.3,2.8,16,649.9,225.0,1212.5
47,6,681,Villa,Summer,34.6,7.5,10,461.6,299.1,1694.15
48,2,2304,Villa,Monsoon,28.3,7.7,8,173.3,204.6,1079.9
49,5,505,Independent House,Spring,20.8,4.0,9,520.3,211.1,1122.15
50,5,895,Villa,Summer,40.6,3.5,16,319.4,273.9,1530.35
51,4,1883,Villa,Spring,24.9,7.1,16,604.2,287.5,1618.75
52,4,2184,Villa,Monsoon,29.3,3.2,10,344.9,218.9,1172.85
53,4,1777,Apartment,Spring,22.2,8.5,8,419.8,251.5,1384.75
54,5,441,Villa,Winter,14.9,0.9,16,359.8,224.5,1209.25
55,2,2056,Villa,Winter,11.9,3.1,14,268.6,213.0,1134.5
56,3,1344,Apartment,Winter,14.6,3.2,8,513.3,163.8,814.7
57,1,1195,Independent House,Winter,11.9,3.6,12,395.4,163.7,814.05
58,7,2410,Apartment,Summer,38.2,5.7,18,571.2,363.6,2221.52
59,1,2041,Independent House,Summer,34.0,5.8,4,221.5,167.1,836.15
60,4,2883,Villa,Winter,10.8,7.8,15,254.1,327.6,1926.32
61,6,806,Apartment,Winter,7.3,2.6,5,336.8,183.1,940.15
62,3,533,Apartment,Monsoon,25.6,7.1,17,416.2,255.7,1412.05
63,2,2141,Apartment,Winter,5.9,6.5,11,506.9,208.0,1102.0
64,3,2198,Apartment,Spring,20.6,6.9,15,102.7,249.8,1373.7
65,3,2872,Independent House,Summer,45.0,0.9,3,511.1,142.6,676.9
66,6,2211,Independent House,Winter,11.4,10.0,16,270.0,391.4,2449.48
67,3,2086,Villa,Spring,22.5,2.9,15,264.3,238.7,1301.55
68,4,2507,Apartment,Spring,23.5,4.1,9,109.4,200.9,1055.85
69,2,1579,Independent House,Spring,23.3,1.2,10,208.1,157.3,772.45
70,1,2290,Apartment,Winter,8.6,5.0,12,218.9,184.8,951.2
71,4,1180,Villa,Winter,16.1,8.6,11,232.3,268.5,1495.25
72,7,2804,Villa,Spring,24.3,8.7,17,339.5,356.4,2162.48
73,2,1378,Villa,Spring,26.5,2.3,16,300.1,195.7,1022.05
74,7,3070,Apartment,Spring,27.0,9.6,7,331.0,325.9,1912.38
75,4,462,Villa,Winter,15.2,4.1,7,306.6,171.2,862.8
76,6,2585,Independent House,Monsoon,24.4,6.3,18,604.9,353.1,2135.42
77,6,770,Independent House,Summer,37.8,7.6,6,533.8,277.1,1551.15
78,3,2164,Apartment,Winter,6.0,5.3,8,217.3,213.3,1136.45
79,2,1351,Independent House,Monsoon,25.7,4.6,3,122.1,145.5,695.75
80,5,1625,Villa,Spring,23.9,6.9,17,215.2,295.4,1670.1
81,5,1611,Villa,Monsoon,28.1,0.2,15,108.0,224.0,1206.0
82,4,1572,Apartment,Monsoon,28.3,2.2,9,557.9,189.4,981.1
83,6,3047,Apartment,Monsoon,24.5,7.9,4,506.1,243.7,1334.05
84,2,2609,Independent House,Monsoon,29.8,8.3,11,576.1,268.3,1493.95
85,4,708,Apartment,Winter,15.5,8.6,15,87.9,261.5,1449.75
86,4,1909,Villa,Monsoon,24.2,5.8,14,400.0,270.3,1506.95
87,2,3052,Apartment,Spring,20.3,9.1,12,647.7,231.6,1255.4
88,2,2601,Apartment,Spring,25.2,4.5,16,555.2,233.7,1269.05
89,3,534,Villa,Monsoon,24.6,2.2,17,390.3,217.8,1165.7
90,3,648,Independent House,Monsoon,24.6,1.9,6,444.5,145.3,694.45
91,1,1766,Apartment,Winter,14.9,7.9,9,575.7,170.8,860.2
92,2,2841,Apartment,Monsoon,28.8,8.6,7,573.9,211.2,1122.8
93,3,1374,Villa,Monsoon,27.2,0.2,11,351.5,166.2,830.3
94,5,2831,Apartment,Spring,22.4,5.0,4,446.7,188.5,975.25
95,4,2045,Independent House,Summer,33.0,4.9,17,236.8,293.5,1657.75
96,5,1731,Independent House,Monsoon,29.1,4.5,16,518.3,287.8,1620.7
97,2,2161,Independent House,Winter,14.5,4.1,17,225.3,270.5,1508.25
98,4,674,Apartment,Summer,41.7,0.9,6,625.3,143.3,681.45
99,6,900,Independent House,Monsoon,29.8,8.7,16,280.4,335.5,1991.1
100,2,1033,Villa,Spring,22.2,2.2,6,208.9,109.8,463.7
101,5,2946,Villa,Summer,32.4,6.1,11,280.1,280.5,1573.25
102,2,2719,Villa,Spring,23.6,0.7,3,169.7,101.3,408.45
103,3,2724,Villa,Summer,34.0,8.8,7,457.3,274.8,1536.2
104,4,2096,Independent House,Winter,6.4,7.5,6,380.4,225.0,1212.5
105,5,624,Apartment,Winter,14.9,3.0,9,363.5,183.3,941.45
106,2,1957,Villa,Winter,16.2,5.0,14,605.1,247.6,1359.4
107,5,2056,Villa,Spring,24.9,2.9,15,554.3,271.6,1515.4
108,1,2188,Apartment,Winter,10.1,4.4,15,269.8,177.9,906.35
109,5,2993,Apartment,Winter,17.5,9.1,14,138.6,304.6,1737.72
110,2,2867,Apartment,Summer,38.0,1.8,18,582.8,242.0,1323.0
111,5,1723,Villa,Monsoon,28.8,1.5,5,280.6,149.1,719.15
112,4,2251,Apartment,Summer,33.0,3.7,12,369.0,239.7,1308.05
113,5,568,Independent House,Winter,17.5,3.2,18,557.3,264.8,1471.2
114,6,1106,Apartment,Winter,12.9,7.1,17,300.8,316.0,1831.2
115,6,2848,Apartment,Monsoon,25.5,0.7,6,629.7,209.9,1114.35
116,2,1765,Apartment,Winter,14.1,9.2,12,614.7,219.0,1173.5
117,4,3035,Independent House,Winter,10.5,6.7,5,182.7,262.2,1454.3
118,4,1186,Apartment,Winter,6.3,1.5,12,583.7,161.7,801.05
119,3,2931,Apartment,Spring,21.3,1.5,8,329.5,167.8,840.7
120,6,1372,Independent House,Monsoon,29.8,7.5,17,595.3,317.0,1839.4
121,6,2736,Independent House,Spring,21.6,7.7,15,424.7,342.7,2050.14
122,1,3026,Independent House,Monsoon,24.7,5.5,6,171.4,158.4,779.6
123,5,1003,Independent House,Summer,42.6,9.5,10,306.0,352.7,2132.14
124,4,734,Independent House,Winter,13.4,0.3,6,243.5,172.5,871.25
125,2,2321,Independent House,Summer,35.3,9.1,3,380.8,216.1,1154.65
126,3,1373,Independent House,Summer,40.3,0.5,16,364.9,193.6,1008.4
127,6,2510,Villa,Winter,13.0,7.2,12,458.7,336.9,2002.58
128,1,2554,Villa,Summer,32.6,3.9,18,283.5,212.2,1129.3
129,2,3091,Villa,Summer,33.7,7.7,13,553.3,295.0,1667.5
130,6,2360,Villa,Winter,17.3,8.1,5,530.9,283.8,1594.7
131,3,2511,Independent House,Spring,25.2,2.5,9,235.7,195.5,1020.75
132,4,2038,Villa,Spring,22.9,8.9,15,534.5,274.6,1534.9
133,1,2138,Apartment,Spring,25.3,6.0,8,254.7,168.6,845.9
134,4,1082,Villa,Spring,23.5,3.5,4,444.5,163.5,812.75
135,1,707,Villa,Spring,26.3,3.6,8,99.8,96.2,384.8
136,7,3042,Independent House,Monsoon,29.7,3.8,4,515.0,255.4,1410.1
137,5,1903,Independent House,Monsoon,25.1,6.5,10,600.7,229.1,1239.15
138,7,1466,Villa,Spring,21.1,2.1,12,122.2,232.9,1263.85
139,6,2223,Apartment,Monsoon,25.8,6.7,5,484.5,254.0,1401.0
140,2,1880,Villa,Winter,8.1,1.2,9,406.2,190.0,985.0
141,2,2906,Apartment,Summer,38.8,3.1,18,634.3,266.1,1479.65
142,4,2308,Villa,Monsoon,27.0,1.3,8,553.9,179.7,918.05
143,3,1074,Apartment,Monsoon,29.4,9.3,10,222.8,253.2,1395.8
144,5,1524,Apartment,Monsoon,29.6,6.1,5,455.5,232.9,1263.85
145,5,1782,Villa,Summer,33.1,8.3,3,200.2,260.0,1440.0
146,5,3017,Apartment,Spring,26.5,8.9,12,311.5,307.9,1764.78
147,6,645,Apartment,Spring,25.7,4.2,17,498.5,287.8,1620.7
148,4,935,Independent House,Summer,33.6,3.2,17,618.9,262.8,1458.2
149,4,1416,Apartment,Monsoon,30.0,9.3,13,581.1,293.3,1656.45
150,1,2010,Villa,Spring,24.8,9.7,9,560.4,208.6,1105.9
151,3,2598,Apartment,Summer,41.5,4.3,11,405.1,238.2,1298.3
152,5,1582,Apartment,Spring,21.0,5.0,11,135.1,228.6,1235.9
153,3,2684,Independent House,Winter,5.6,2.0,15,350.0,249.5,1371.75
154,5,972,Independent House,Monsoon,27.1,1.6,12,400.9,200.6,1053.9
155,1,1908,Independent House,Summer,42.4,9.8,12,350.5,344.0,2060.8
156,7,2769,Villa,Winter,13.2,7.2,18,164.2,366.2,2242.84
157,6,850,Apartment,Summer,34.0,4.4,16,604.7,309.2,1775.44
158,6,655,Villa,Winter,11.2,5.2,13,342.0,281.7,1581.05
159,6,3188,Villa,Monsoon,25.8,6.1,9,639.9,295.2,1668.8
160,6,1249,Villa,Spring,22.3,3.2,14,406.9,252.4,1390.6
161,4,1813,Apartment,Monsoon,25.5,0.4,5,195.2,142.8,678.2
162,5,1512,Apartment,Summer,35.2,6.2,10,109.9,271.4,1514.1
163,6,2334,Apartment,Winter,17.2,0.1,8,193.7,226.1,1219.65
164,3,1569,Villa,Summer,40.5,9.1,5,101.3,302.2,1718.04
165,4,1120,Apartment,Spring,27.0,7.9,8,85.3,228.2,1233.3
166,1,1772,Independent House,Spring,22.2,9.9,18,541.0,247.5,1358.75
167,6,2279,Villa,Monsoon,27.4,7.2,3,180.0,261.5,1449.75
168,4,2151,Villa,Monsoon,25.9,0.9,6,228.6,145.1,693.15
169,7,1493,Independent House,Monsoon,25.4,5.8,3,345.3,209.0,1108.5
170,6,2458,Villa,Monsoon,29.7,6.9,12,339.3,336.4,1998.48
171,3,2103,Villa,Spring,26.3,7.6,9,379.5,226.1,1219.65
172,3,719,Villa,Summer,39.4,0.6,9,146.3,121.3,538.45
173,5,2402,Apartment,Spring,24.5,8.1,17,463.5,307.0,1757.4
174,1,2021,Independent House,Summer,32.6,7.5,5,612.7,167.0,835.5
175,4,529,Independent House,Spring,23.4,1.8,7,645.9,137.3,642.45
176,7,1946,Independent House,Summer,40.5,6.8,7,381.4,342.3,2046.86
177,2,414,Apartment,Monsoon,25.5,4.6,16,237.1,212.1,1128.65
178,6,862,Apartment,Spring,23.6,6.1,3,463.1,216.5,1157.25
179,2,581,Independent House,Spring,27.9,2.3,9,213.5,150.5,728.25
180,5,1706,Villa,Monsoon,26.5,2.4,7,397.3,194.5,1014.25
181,6,1117,Villa,Spring,26.3,5.6,4,261.7,204.6,1079.9
182,2,1628,Independent House,Winter,7.9,7.5,18,343.9,261.9,1452.35
183,4,2682,Villa,Winter,13.4,3.9,11,132.7,244.5,1339.25
184,3,1944,Villa,Summer,42.5,8.7,9,199.1,337.3,2005.86
185,3,462,Apartment,Winter,14.8,9.6,6,481.1,182.5,936.25
186,2,2661,Independent House,Monsoon,29.3,3.8,14,537.6,230.0,1245.0
187,7,1711,Apartment,Monsoon,24.9,3.1,4,612.8,214.7,1145.55
188,4,1609,Apartment,Winter,8.2,3.3,15,272.4,241.3,1318.45
189,4,3028,Villa,Spring,27.3,4.6,14,389.0,272.4,1520.6
190,1,2546,Apartment,Summer,41.9,9.5,4,483.1,247.3,1357.45
191,5,2267,Independent House,Summer,40.6,6.2,18,89.5,372.6,2295.32
192,5,1574,Apartment,Spring,21.5,8.1,8,380.1,259.0,1433.5
193,3,2025,Apartment,Monsoon,25.4,9.6,17,563.3,297.1,1681.15
194,7,3061,Apartment,Summer,39.2,4.1,15,364.9,347.1,2086.22
195,7,1756,Villa,Summer,35.0,8.9,4,234.5,338.2,2013.24
196,6,1548,Villa,Summer,32.2,1.8,13,547.9,265.8,1477.7
197,3,1065,Villa,Winter,12.0,5.7,15,530.6,233.1,1265.15
198,6,1816,Apartment,Summer,36.4,4.4,5,520.9,219.4,1176.1
199,3,2245,Independent House,Winter,13.8,3.6,15,432.6,269.9,1504.35
200,1,1497,Apartment,Spring,20.0,7.1,7,255.7,147.3,707.45
201,3,818,Apartment,Summer,39.2,1.9,17,395.9,217.4,1163.1
202,7,1728,Independent House,Summer,42.1,2.9,15,218.4,311.6,1795.12
203,6,1959,Apartment,Winter,5.8,2.7,11,356.0,217.9,1166.35
204,3,1410,Villa,Spring,23.2,5.9,9,559.7,185.0,952.5
205,7,1749,Independent House,Monsoon,28.2,4.3,7,181.3,244.8,1341.2
206,3,1593,Villa,Spring,22.9,9.7,10,611.3,220.0,1180.0
207,5,1136,Villa,Summer,44.3,9.5,17,119.4,433.6,2795.52
208,7,2075,Villa,Spring,26.3,1.4,12,122.2,279.6,1567.4
209,4,2784,Independent House,Spring,27.3,5.4,14,142.3,256.6,1417.9
210,6,1854,Apartment,Summer,44.6,5.6,15,136.2,341.1,2037.02
211,6,2524,Villa,Winter,13.8,4.5,15,648.7,308.3,1768.06
212,1,875,Villa,Winter,7.7,3.5,13,329.8,173.1,875.15
213,3,583,Villa,Summer,40.4,0.2,13,219.0,136.4,636.6
214,2,1755,Villa,Spring,25.3,9.6,10,305.5,232.3,1259.95
215,2,2241,Villa,Spring,20.5,3.9,9,138.0,188.5,975.25
216,2,1898,Independent House,Winter,11.4,4.6,11,301.5,188.6,975.9
217,3,2275,Villa,Winter,12.7,8.1,12,216.0,257.4,1423.1
218,2,2492,Independent House,Spring,27.4,6.0,15,610.5,224.5,1209.25
219,2,2405,Independent House,Winter,16.3,1.9,17,191.2,234.6,1274.9
220,6,2427,Independent House,Spring,26.1,4.2,17,246.5,291.5,1644.75
221,5,1582,Apartment,Spring,26.2,5.7,18,549.3,284.2,1597.3
222,7,570,Villa,Spring,22.4,5.5,16,649.6,287.2,1616.8
223,3,756,Independent House,Summer,34.7,7.8,10,427.8,244.7,1340.55
224,5,970,Apartment,Winter,12.8,8.1,14,246.8,275.0,1537.5
225,7,2507,Villa,Summer,43.9,1.4,16,573.7,291.1,1642.15
226,6,1719,Apartment,Spring,26.4,4.9,11,518.3,253.7,1399.05
227,6,1539,Villa,Monsoon,28.6,4.5,18,496.6,301.0,1708.2
228,6,1867,Apartment,Spring,22.3,2.2,16,392.0,246.9,1354.85
229,7,2387,Independent House,Summer,32.2,0.5,17,645.3,282.5,1586.25
230,6,940,Villa,Monsoon,24.5,1.6,11,449.9,188.4,974.6
231,6,1651,Villa,Winter,5.0,4.3,5,208.9,216.4,1156.6
232,6,1807,Apartment,Spring,20.8,6.9,18,258.6,338.7,2017.34
233,2,1967,Apartment,Winter,7.1,0.7,3,506.5,118.2,518.3
234,5,2212,Apartment,Summer,41.8,9.0,7,259.3,328.9,1936.98
235,3,3040,Apartment,Winter,14.0,5.5,12,251.9,237.1,1291.15
236,5,1172,Villa,Spring,23.1,3.0,4,217.4,171.0,861.5
237,1,2563,Apartment,Monsoon,26.5,9.3,7,178.5,200.4,1052.6
238,7,698,Apartment,Summer,32.5,0.1,9,438.3,198.5,1040.25
239,4,2134,Villa,Spring,21.6,0.8,7,540.6,164.9,821.85
240,4,2802,Villa,Summer,41.5,3.1,16,327.7,282.7,1587.55
241,5,625,Independent House,Winter,7.1,1.2,7,526.3,173.9,880.35
242,2,1500,Villa,Summer,36.4,7.7,3,635.8,210.6,1118.9
243,4,2264,Villa,Monsoon,24.6,0.6,8,492.0,156.6,767.9
244,5,410,Apartment,Summer,36.7,2.4,18,100.2,268.0,1492.0
245,6,3085,Independent House,Winter,9.2,3.2,16,148.1,305.8,1747.56
246,2,2512,Apartment,Spring,20.7,0.7,17,340.3,191.5,994.75
247,3,2709,Independent House,Winter,15.1,4.6,18,533.7,301.5,1712.3
248,1,1354,Villa,Monsoon,27.9,6.4,3,494.5,111.0,471.5
249,5,1375,Independent House,Spring,27.2,9.6,7,376.3,269.2,1499.8
250,3,2277,Villa,Summer,40.3,5.8,7,457.6,227.4,1228.1
251,3,1469,Independent House,Spring,21.6,7.0,13,524.6,232.2,1259.3
252,2,832,Apartment,Spring,23.6,4.7,16,344.1,214.9,1146.85
253,1,1045,Villa,Monsoon,24.9,8.3,4,632.0,132.3,609.95
254,1,3173,Independent House,Monsoon,26.7,8.2,8,222.4,207.4,1098.1
255,7,972,Apartment,Summer,33.7,0.6,10,447.5,221.1,1187.15
256,3,707,Apartment,Summer,42.5,2.0,17,149.8,238.4,1299.6
257,1,1088,Villa,Spring,22.8,8.2,15,597.7,197.6,1034.4
258,4,1008,Apartment,Winter,12.2,6.5,18,158.2,250.6,1378.9
259,7,2553,Apartment,Summer,38.2,9.9,14,263.3,419.2,2677.44
260,1,1706,Villa,Winter,17.9,0.3,11,649.8,142.3,674.95
261,6,1387,Independent House,Summer,39.5,7.6,10,645.2,316.1,1832.02
262,2,2826,Independent House,Monsoon,27.4,9.1,3,620.6,218.2,1168.3
263,7,2416,Villa,Monsoon,25.3,1.8,4,80.4,232.9,1263.85
264,2,934,Independent House,Winter,6.9,9.2,13,143.2,241.5,1319.75
265,1,1930,Villa,Spring,27.6,5.9,13,531.4,222.5,1196.25
266,6,1699,Apartment,Monsoon,25.8,2.2,8,81.0,221.5,1189.75
267,5,2003,Villa,Summer,44.0,1.8,13,613.9,229.3,1240.45
268,6,718,Apartment,Monsoon,28.9,9.8,8,495.7,276.0,1544.0
269,1,1486,Apartment,Winter,6.4,6.9,14,497.6,221.3,1188.45
270,4,2419,Independent House,Monsoon,27.5,5.5,6,208.6,209.8,1113.7
271,7,536,Independent House,Summer,33.0,3.2,6,391.8,238.6,1300.9
272,1,1784,Villa,Spring,21.3,7.0,16,137.7,202.4,1065.6
273,2,2076,Villa,Monsoon,27.4,6.6,12,167.5,213.4,1137.1
274,4,758,Independent House,Spring,23.8,2.0,3,145.8,137.4,643.1
275,4,2403,Villa,Monsoon,26.2,0.9,15,230.1,219.8,1178.7
276,2,1500,Villa,Summer,33.1,1.5,6,416.1,125.5,565.75
277,7,1985,Villa,Spring,23.2,9.7,18,566.7,342.8,2050.96
278,5,2516,Villa,Winter,17.8,1.2,17,151.9,306.6,1754.12
279,4,1227,Villa,Winter,14.5,8.3,11,397.1,286.9,1614.85
280,5,2276,Apartment,Spring,27.5,1.1,7,607.2,191.2,992.8
281,1,1571,Villa,Monsoon,27.7,8.8,11,237.0,193.2,1005.8
282,5,3188,Villa,Spring,22.1,0.4,13,292.3,227.4,1228.1
283,7,1641,Independent House,Monsoon,25.8,8.4,6,521.2,265.2,1473.8
284,6,2107,Villa,Summer,43.9,1.9,9,293.1,220.9,1185.85
285,7,1051,Apartment,Monsoon,29.3,7.1,15,189.9,341.2,2037.84
286,7,636,Apartment,Summer,41.2,4.6,14,442.2,295.6,1671.4
287,1,1390,Independent House,Spring,22.8,5.9,8,557.5,136.1,634.65
288,7,770,Independent House,Summer,43.1,3.9,8,208.3,254.6,1404.9
289,6,2077,Villa,Summer,38.2,8.6,3,207.5,315.6,1827.92
290,3,3032,Independent House,Spring,24.2,9.0,14,435.5,284.8,1601.2
291,1,2495,Villa,Monsoon,24.4,5.6,12,445.1,209.4,1111.1
292,3,3087,Villa,Monsoon,28.8,1.9,10,456.5,205.1,1083.15
293,6,504,Villa,Spring,24.7,10.0,11,647.0,294.4,1663.6
294,3,1310,Villa,Spring,27.0,9.1,14,183.2,241.3,1318.45
295,2,1459,Villa,Winter,7.9,9.5,13,319.7,263.0,1459.5
296,5,1604,Independent House,Summer,38.1,4.7,5,382.0,226.4,1221.6
297,7,1017,Apartment,Winter,16.2,3.4,17,269.6,309.7,1779.54
298,3,2998,Apartment,Summer,41.9,4.5,9,515.2,232.0,1258.0
299,5,2176,Villa,Spring,23.0,4.0,18,88.0,273.3,1526.45
300,7,2575,Apartment,Summer,34.9,6.8,10,366.9,329.4,1941.08
301,1,587,Independent House,Monsoon,24.8,4.6,13,359.4,167.0,835.5
302,2,2052,Apartment,Winter,5.3,2.2,7,485.3,152.8,743.2
303,4,3022,Independent House,Summer,40.6,5.9,4,317.6,254.8,1406.2
304,5,1435,Independent House,Winter,13.6,2.1,3,425.2,189.2,979.8
305,1,2495,Villa,Summer,38.5,2.8,6,634.7,142.6,676.9
306,4,1609,Apartment,Summer,40.9,5.5,9,130.7,242.1,1323.65
307,5,3140,Independent House,Winter,6.3,9.5,5,643.5,285.1,1603.15
308,1,1115,Apartment,Monsoon,29.1,3.6,13,85.5,145.8,697.7
309,6,1098,Independent House,Monsoon,28.9,8.9,11,308.4,323.3,1891.06
310,3,1979,Villa,Spring,27.5,8.0,8,170.9,221.6,1190.4
311,5,2377,Villa,Spring,27.0,1.8,15,494.5,268.3,1493.95
312,4,2399,Apartment,Spring,25.4,4.4,5,517.5,192.2,999.3
313,5,1317,Villa,Monsoon,26.9,5.2,6,445.6,187.8,970.7
314,7,2686,Villa,Summer,38.6,0.1,8,508.3,219.1,1174.15
315,3,1539,Apartment,Winter,8.1,5.5,15,335.4,246.5,1352.25
316,4,1694,Apartment,Spring,20.0,7.5,3,131.8,194.7,1015.55
317,5,3011,Independent House,Winter,9.7,6.5,17,339.0,348.2,2095.24
318,4,3091,Independent House,Spring,26.4,1.1,10,392.2,197.2,1031.8
319,1,587,Apartment,Spring,27.4,1.4,16,304.0,145.1,693.15
320,7,1180,Villa,Monsoon,28.0,1.1,16,588.3,261.0,1446.5
321,5,2465,Apartment,Spring,27.4,0.0,4,525.2,180.9,925.85
322,6,2769,Apartment,Winter,10.0,1.0,13,514.6,240.0,1310.0
323,3,1604,Independent House,Winter,12.1,1.4,12,395.5,179.4,916.1
324,6,1590,Villa,Monsoon,29.7,9.2,7,475.8,282.3,1584.95
325,1,1842,Villa,Spring,27.0,5.8,16,320.8,190.0,985.0
326,1,503,Independent House,Winter,14.8,0.5,4,222.8,103.1,420.15
327,3,1235,Villa,Summer,33.3,3.6,17,503.2,240.2,1311.3
328,2,2492,Villa,Monsoon,29.7,6.9,4,258.2,191.2,992.8
329,1,1429,Apartment,Spring,26.2,8.3,14,629.6,205.2,1083.8
330,2,3196,Apartment,Winter,10.6,9.6,6,412.9,206.7,1093.55
331,3,2310,Villa,Winter,15.1,0.4,13,251.7,220.9,1185.85
332,1,1701,Villa,Winter,7.1,9.6,5,279.2,212.8,1133.2
333,3,1877,Independent House,Winter,15.7,9.5,18,461.3,336.7,2000.94
334,5,2944,Apartment,Summer,37.0,6.8,13,492.7,313.7,1812.34
335,5,1935,Villa,Spring,27.6,4.9,12,175.4,277.3,1552.45
336,5,2584,Apartment,Summer,43.2,2.1,9,480.6,260.7,1444.55
337,7,2182,Villa,Summer,32.3,7.5,7,181.5,298.8,1692.2
338,1,2755,Apartment,Monsoon,24.1,4.1,17,384.9,222.1,1193.65
339,5,659,Villa,Summer,36.7,7.0,5,425.7,235.4,1280.1
340,4,1962,Independent House,Summer,33.8,4.7,10,627.3,221.6,1190.4
341,6,3053,Independent House,Summer,33.6,5.5,7,619.8,276.6,1547.9
342,6,1808,Apartment,Spring,21.6,9.1,7,183.4,282.9,1588.85
343,7,622,Villa,Spring,25.8,6.4,5,357.7,221.9,1192.35
344,2,3149,Villa,Winter,9.1,1.0,5,254.2,167.1,836.15
345,3,1695,Independent House,Winter,14.3,0.0,10,284.9,173.1,875.15
346,4,2295,Independent House,Monsoon,27.6,7.7,18,569.5,293.8,1659.7
347,5,1204,Independent House,Summer,43.0,7.3,3,518.4,261.5,1449.75
348,1,2659,Independent House,Spring,25.9,6.5,7,245.9,171.5,864.75
349,5,770,Independent House,Monsoon,27.7,5.0,10,373.1,219.2,1174.8
350,2,2719,Villa,Winter,5.5,7.4,18,230.7,297.8,1685.7
351,5,1879,Independent House,Spring,27.7,9.2,4,441.1,236.5,1287.25
352,6,1478,Villa,Winter,13.5,3.8,15,294.5,304.8,1739.36
353,3,1813,Independent House,Spring,20.6,8.9,3,446.8,171.8,866.7
354,2,1044,Independent House,Summer,42.5,6.6,16,200.1,270.7,1509.55
355,7,2083,Apartment,Winter,11.7,0.4,8,174.8,240.2,1311.3
356,5,2060,Villa,Summer,44.3,8.8,12,354.6,372.2,2292.04
357,4,2861,Apartment,Winter,13.9,6.2,11,119.2,244.7,1340.55
358,2,844,Apartment,Winter,12.9,5.2,16,421.9,220.9,1185.85
359,5,2461,Apartment,Summer,43.7,4.8,7,466.8,273.5,1527.75
360,4,1917,Apartment,Spring,25.9,2.3,18,514.1,255.3,1409.45
361,1,2142,Apartment,Monsoon,27.6,4.8,10,226.9,147.5,708.75
362,6,429,Villa,Summer,40.5,5.2,15,168.2,316.0,1831.2
363,3,1470,Villa,Spring,24.4,5.6,11,397.8,186.3,960.95
364,5,2672,Independent House,Monsoon,24.8,9.9,14,147.9,304.7,1738.54
365,7,1062,Apartment,Winter,13.0,5.1,13,301.8,282.3,1584.95
366,7,773,Apartment,Spring,24.9,9.3,16,493.0,349.1,2102.62
367,4,2914,Villa,Monsoon,27.8,7.1,4,195.0,234.3,1272.95
368,7,2522,Independent House,Winter,13.8,0.3,10,636.1,245.1,1343.15
369,4,1846,Villa,Spring,20.7,4.1,9,242.2,217.1,1161.15
370,5,1825,Independent House,Monsoon,24.0,2.3,9,368.6,205.0,1082.5
371,5,1605,Independent House,Summer,43.4,8.0,11,630.7,353.8,2141.16
372,7,1396,Independent House,Spring,26.3,6.8,3,205.6,247.2,1356.8
373,7,1693,Independent House,Monsoon,25.7,5.2,3,506.8,217.1,1161.15
374,5,1131,Independent House,Monsoon,29.6,3.5,11,500.2,209.7,1113.05
375,2,1487,Apartment,Winter,9.6,2.0,10,124.7,168.6,845.9
376,4,2914,Apartment,Summer,40.1,8.5,14,575.2,368.3,2260.06
377,7,2493,Independent House,Spring,24.3,2.2,7,366.4,230.9,1250.85
378,6,1115,Independent House,Summer,36.1,7.0,17,137.4,341.3,2038.66
379,7,1463,Apartment,Monsoon,25.1,2.4,18,318.9,303.7,1730.34
380,3,2040,Independent House,Spring,25.8,1.8,7,538.3,156.0,764.0
381,7,1960,Apartment,Winter,5.1,8.0,7,589.2,285.3,1604.45
382,5,1693,Independent House,Monsoon,24.4,2.5,4,351.6,175.5,890.75
383,4,1770,Independent House,Monsoon,26.1,3.6,11,425.2,214.0,1141.0
384,6,3058,Villa,Winter,13.8,9.8,12,587.1,343.1,2053.42
385,6,993,Apartment,Monsoon,25.0,4.2,15,260.6,250.7,1379.55
386,3,2879,Villa,Spring,24.2,2.7,17,336.7,224.0,1206.0
387,7,494,Apartment,Winter,10.2,6.6,5,349.7,204.5,1079.25
388,7,2026,Villa,Summer,33.1,1.0,7,500.4,219.0,1173.5
389,2,937,Villa,Winter,9.2,0.3,14,388.1,165.6,826.4
390,6,2608,Apartment,Spring,22.8,6.3,16,387.6,330.9,1953.38
391,4,1661,Independent House,Spring,21.1,2.6,12,243.5,205.1,1083.15
392,6,2414,Independent House,Monsoon,28.8,0.1,16,187.5,275.7,1542.05
393,4,2016,Apartment,Winter,7.9,7.1,15,374.5,284.7,1600.55
394,5,1513,Independent House,Monsoon,27.8,4.1,5,235.1,199.7,1048.05
395,2,1713,Apartment,Winter,6.3,0.5,3,494.5,77.5,310.0
396,2,460,Independent House,Winter,11.5,3.4,12,98.1,182.4,935.6
397,2,629,Independent House,Spring,23.1,0.7,18,87.2,194.4,1013.6
398,6,1419,Independent House,Spring,25.3,2.5,4,198.8,177.0,900.5
399,3,1723,Apartment,Summer,35.3,7.4,6,572.3,222.2,1194.3
400,1,1366,Villa,Spring,21.9,3.2,8,632.2,127.4,578.1
401,6,2346,Villa,Winter,11.5,3.7,5,632.7,228.0,1232.0
402,3,3040,Apartment,Summer,36.1,1.3,10,588.3,205.8,1087.7
403,1,1947,Independent House,Winter,10.7,2.5,4,188.2,113.6,488.4
404,6,2318,Independent House,Winter,15.7,0.7,7,522.3,240.9,1315.85
405,1,2938,Independent House,Winter,12.0,3.2,5,363.6,166.6,832.9
406,3,2078,Villa,Monsoon,25.1,1.1,5,141.0,118.4,519.6
407,1,2738,Villa,Spring,20.1,6.6,11,605.0,206.0,1089.0
408,7,727,Independent House,Summer,42.7,3.6,16,381.5,325.4,1908.28
409,7,1644,Apartment,Winter,8.0,9.6,6,454.4,284.5,1599.25
410,2,2687,Villa,Spring,20.8,7.5,14,531.7,245.4,1345.1
411,5,1782,Villa,Winter,16.7,5.3,17,561.6,312.2,1800.04
412,7,1724,Villa,Winter,12.2,5.6,9,337.9,279.9,1569.35
413,1,1565,Villa,Summer,32.1,5.2,12,519.8,215.2,1148.8
414,7,1530,Villa,Winter,6.8,0.9,17,212.8,287.0,1615.5
415,4,2730,Apartment,Summer,34.2,7.2,18,597.4,347.7,2091.14
416,3,553,Villa,Spring,23.5,0.8,4,610.2,78.2,312.8
417,7,1328,Villa,Summer,32.7,6.3,15,266.3,343.1,2053.42
418,2,606,Villa,Spring,21.1,9.7,5,127.1,170.3,856.95
419,1,2645,Independent House,Monsoon,24.8,0.9,16,358.1,185.3,954.45
420,2,2698,Villa,Winter,9.2,2.4,11,462.9,195.7,1022.05
421,3,1811,Villa,Summer,44.8,7.7,8,163.1,276.8,1549.2
422,7,1356,Apartment,Monsoon,29.7,1.6,5,575.2,217.8,1165.7
423,1,1806,Villa,Summer,32.3,3.1,18,378.3,196.9,1029.85
424,4,2951,Villa,Winter,16.8,7.0,3,114.3,237.5,1293.75
425,3,617,Independent House,Summer,40.6,0.7,11,246.7,168.6,845.9
426,4,1346,Independent House,Summer,43.3,9.0,18,341.1,414.2,2636.44
427,1,562,Apartment,Monsoon,28.1,3.3,15,252.3,186.3,960.95
428,5,1529,Apartment,Monsoon,25.4,8.8,3,303.9,200.0,1050.0
429,6,1965,Villa,Winter,9.1,4.2,7,155.1,262.0,1453.0
430,6,1228,Apartment,Monsoon,28.6,6.9,7,402.0,235.6,1281.4
431,1,2682,Villa,Summer,41.5,1.8,7,314.4,142.9,678.85
432,7,3008,Villa,Monsoon,28.6,1.5,9,232.1,258.7,1431.55
433,2,2842,Apartment,Winter,15.1,6.9,14,347.2,247.7,1360.05
434,2,1987,Independent House,Spring,27.4,1.4,9,621.6,131.0,601.5
435,6,1230,Apartment,Summer,43.3,1.8,17,220.7,271.8,1516.7
436,1,2890,Villa,Spring,24.2,7.2,15,579.2,246.7,1353.55
437,5,847,Independent House,Spring,27.9,8.3,4,102.4,214.6,1144.9
438,7,2983,Apartment,Winter,15.1,2.9,15,247.8,324.2,1898.44
439,6,2517,Apartment,Spring,24.7,8.3,17,589.8,340.8,2034.56
440,4,2093,Independent House,Spring,23.6,0.2,17,222.5,231.6,1255.4
441,6,1071,Villa,Summer,40.2,0.9,17,635.9,259.7,1438.05
442,2,1951,Villa,Spring,21.2,0.4,8,575.2,110.7,469.55
443,6,610,Independent House,Monsoon,29.4,3.1,17,82.0,278.8,1562.2
444,1,2278,Independent House,Spring,25.3,5.4,3,338.6,125.1,563.15
445,5,2858,Apartment,Winter,12.2,8.8,11,164.5,299.8,1698.7
446,1,995,Apartment,Monsoon,25.1,3.3,5,428.3,107.8,450.7
447,5,2744,Villa,Winter,6.2,9.7,14,296.0,330.7,1951.74
448,5,665,Independent House,Spring,21.7,1.3,11,113.2,188.7,976.55
449,6,2566,Apartment,Spring,24.6,7.2,12,435.2,318.3,1850.06
450,5,2704,Independent House,Spring,21.5,4.9,8,147.4,233.0,1264.5
451,7,883,Villa,Winter,9.3,8.0,16,86.4,327.0,1921.4
452,7,677,Independent House,Monsoon,26.0,5.1,13,404.3,294.7,1665.55
453,7,1119,Apartment,Monsoon,27.9,8.3,18,437.5,371.8,2288.76
454,5,1772,Independent House,Spring,22.5,9.3,4,385.5,217.0,1160.5
455,6,1758,Independent House,Summer,42.9,9.7,11,174.6,408.1,2586.42
456,2,2837,Apartment,Monsoon,24.5,7.1,13,291.8,251.9,1387.35
457,3,1285,Villa,Monsoon,29.5,1.8,14,94.2,188.3,973.95
458,5,1031,Apartment,Monsoon,29.2,9.2,12,614.7,301.5,1712.3
459,2,1240,Villa,Summer,32.1,4.6,6,129.6,156.5,767.25
460,1,822,Villa,Monsoon,25.2,0.2,12,383.4,126.3,570.95
461,6,881,Independent House,Winter,13.1,1.6,6,279.7,182.3,934.95
462,6,1560,Villa,Winter,9.4,1.7,12,348.3,241.6,1320.4
463,1,752,Independent House,Spring,25.7,1.8,17,462.4,160.7,794.55
464,7,2307,Villa,Winter,9.0,0.9,17,348.2,307.0,1757.4
465,5,1456,Independent House,Spring,20.2,1.8,13,350.9,209.5,1111.75
466,4,1099,Independent House,Monsoon,28.3,6.0,7,397.0,181.7,931.05
467,3,2582,Independent House,Spring,23.1,5.9,10,274.2,234.3,1272.95
468,5,2165,Independent House,Monsoon,28.4,5.4,10,556.9,234.4,1273.6
469,5,2296,Independent House,Summer,36.0,8.2,8,420.0,327.3,1923.86
470,3,2424,Villa,Summer,43.5,0.9,7,163.6,143.7,684.05
471,5,1593,Independent House,Spring,27.3,2.0,13,613.9,234.9,1276.85
472,3,765,Villa,Summer,43.0,6.1,15,631.7,261.2,1447.8
473,5,1871,Apartment,Monsoon,27.8,8.7,10,311.4,278.1,1557.65
474,2,3113,Apartment,Spring,22.3,1.4,15,577.5,183.4,942.1
475,1,693,Villa,Summer,40.6,1.4,18,539.4,191.1,992.15
476,7,2875,Independent House,Winter,10.9,4.5,16,424.6,369.0,2265.8
477,2,2455,Independent House,Spring,22.9,9.3,14,410.8,278.0,1557.0
478,1,981,Villa,Monsoon,25.5,4.6,5,458.3,119.3,525.45
479,6,2995,Villa,Monsoon,26.7,6.1,13,407.2,299.2,1694.8
480,3,1606,Independent House,Winter,12.3,0.4,12,176.4,205.3,1084.45
481,7,2957,Apartment,Monsoon,25.7,4.8,7,240.2,287.7,1620.05
482,1,856,Villa,Winter,9.8,9.1,7,214.6,181.7,931.05
483,1,1804,Apartment,Winter,14.8,6.0,7,456.6,161.3,798.45
484,2,1263,Villa,Monsoon,25.0,0.5,11,251.8,147.0,705.5
485,7,2581,Apartment,Spring,20.1,6.8,15,608.5,328.6,1934.52
486,6,1693,Villa,Summer,44.4,1.0,14,270.9,238.5,1300.25
487,1,1445,Villa,Spring,22.7,4.6,10,473.5,134.4,623.6
488,5,443,Villa,Summer,37.3,8.3,3,493.4,241.3,1318.45
489,1,497,Villa,Summer,44.4,0.6,9,568.2,79.3,317.2
490,6,3053,Villa,Winter,11.1,9.0,8,605.9,314.2,1816.44
491,6,1724,Independent House,Winter,10.0,7.8,11,624.7,299.4,1696.1
492,4,1221,Villa,Spring,24.9,1.8,18,140.6,224.3,1207.95
493,3,823,Apartment,Summer,42.1,0.7,11,80.5,130.7,599.55
494,4,1491,Apartment,Monsoon,26.9,9.0,3,561.1,223.9,1205.35
495,7,687,Villa,Winter,12.0,0.0,18,252.6,296.6,1677.9
496,6,771,Independent House,Monsoon,25.2,0.8,17,631.5,247.7,1360.05
497,3,1997,Apartment,Monsoon,25.2,4.9,17,418.0,244.5,1339.25
498,1,2614,Villa,Monsoon,26.0,5.0,17,491.0,218.9,1172.85
499,2,3078,Villa,Spring,25.9,9.4,7,358.7,202.4,1065.6
500,5,587,Apartment,Winter,15.7,0.1,4,556.2,105.7,437.05
501,7,835,Apartment,Spring,26.7,5.9,10,500.6,260.2,1441.3
502,1,2759,Villa,Winter,12.7,3.2,9,160.5,190.2,986.3
503,5,1075,Independent House,Winter,15.3,9.3,4,169.9,235.1,1278.15
504,1,1134,Apartment,Monsoon,27.8,4.2,18,314.9,222.3,1194.95
505,5,554,Villa,Winter,15.2,7.2,5,214.3,216.7,1158.55
506,1,2935,Independent House,Winter,7.5,4.6,9,632.1,181.4,929.1
507,6,576,Apartment,Monsoon,29.3,2.9,16,139.5,233.6,1268.4
508,5,1120,Apartment,Summer,32.9,4.9,6,318.9,228.9,1237.85
509,3,1342,Apartment,Monsoon,26.3,2.3,10,348.5,164.8,821.2
510,4,993,Apartment,Spring,27.8,1.8,14,195.3,181.5,929.75
511,6,2729,Apartment,Monsoon,26.1,1.4,17,424.1,295.6,1671.4
512,6,2904,Apartment,Winter,7.8,0.9,18,88.3,281.8,1581.7
513,7,1410,Apartment,Monsoon,24.9,4.3,10,82.9,279.1,1564.15
514,1,2327,Villa,Summer,38.2,4.3,15,217.1,233.1,1265.15
515,1,2065,Apartment,Winter,6.2,3.6,10,480.9,170.5,858.25
516,6,2790,Apartment,Spring,23.0,4.6,7,344.6,251.8,1386.7
517,7,2969,Apartment,Spring,25.6,8.9,13,429.1,350.9,2117.38
518,2,731,Villa,Monsoon,26.2,7.4,4,298.3,145.3,694.45
519,1,1897,Independent House,Winter,15.1,6.5,5,387.6,186.2,960.3
520,7,2776,Villa,Winter,16.7,7.5,10,111.0,330.4,1949.28
521,5,2557,Apartment,Spring,25.5,7.1,12,637.5,299.4,1696.1
522,2,2275,Apartment,Summer,35.7,3.9,8,477.3,189.0,978.5
523,7,1236,Villa,Summer,38.2,2.9,7,187.8,218.8,1172.2
524,7,1351,Villa,Monsoon,26.9,4.1,13,382.2,278.9,1562.85
525,4,1645,Villa,Winter,8.4,9.0,12,518.8,269.4,1501.1
526,4,1081,Villa,Winter,7.3,7.1,12,532.8,233.2,1265.8
527,3,2753,Apartment,Spring,27.8,2.6,8,164.3,180.8,925.2
528,2,2585,Independent House,Summer,44.1,9.2,15,169.0,391.8,2452.76
529,5,2478,Independent House,Monsoon,30.0,4.7,12,535.8,280.3,1571.95
530,4,1787,Villa,Summer,33.8,7.3,4,559.3,231.8,1256.7
531,1,1736,Apartment,Winter,15.0,5.8,10,564.2,175.3,889.45
532,1,2496,Independent House,Winter,9.7,4.9,4,290.7,146.6,702.9
533,3,1661,Independent House,Summer,41.6,2.2,17,495.0,256.0,1414.0
534,6,2096,Apartment,Summer,38.2,1.4,12,627.3,260.2,1441.3
535,1,427,Independent House,Monsoon,24.8,4.1,17,297.6,175.8,892.7
536,1,1636,Villa,Monsoon,24.9,4.9,17,445.1,208.9,1107.85
537,1,3078,Villa,Monsoon,24.2,4.2,18,361.0,251.7,1386.05
538,5,1881,Villa,Spring,21.0,5.7,11,372.1,250.4,1377.6
539,7,1463,Apartment,Summer,43.4,1.5,17,319.1,313.5,1810.7
540,3,599,Independent House,Monsoon,25.1,5.3,5,509.0,147.5,708.75
541,7,1695,Villa,Monsoon,28.9,2.7,14,375.4,271.8,1516.7
542,4,2087,Independent House,Winter,15.8,1.0,7,473.1,220.2,1181.3
543,6,2657,Villa,Summer,33.5,4.2,5,473.9,229.5,1241.75
544,4,2847,Villa,Monsoon,25.3,1.7,12,161.1,203.2,1070.8
545,2,1259,Apartment,Summer,33.0,4.2,6,141.5,170.3,856.95
546,5,2829,Apartment,Spring,20.8,1.2,11,150.6,228.3,1233.95
547,5,1219,Apartment,Monsoon,29.7,0.3,7,171.5,161.0,796.5
548,6,2910,Apartment,Summer,38.9,1.0,3,509.8,172.4,870.6
549,6,804,Apartment,Spring,22.8,3.7,8,296.4,193.5,1007.75
550,2,2069,Apartment,Monsoon,26.2,1.2,6,491.6,103.0,419.5
551,4,873,Independent House,Monsoon,25.4,4.6,12,641.4,204.5,1079.25
552,7,685,Independent House,Monsoon,27.1,1.8,18,148.0,268.6,1495.9
553,6,2818,Apartment,Winter,12.7,0.6,9,557.7,233.9,1270.35
554,3,2783,Villa,Monsoon,29.7,7.6,15,371.5,273.8,1529.7
555,4,842,Apartment,Monsoon,24.6,4.9,10,118.9,205.2,1083.8
556,2,1967,Villa,Monsoon,27.1,1.5,6,345.6,115.5,500.75
557,4,2408,Villa,Monsoon,26.6,5.4,3,298.7,179.3,915.45
558,4,2212,Independent House,Summer,43.5,0.3,12,301.8,209.0,1108.5
559,5,3164,Independent House,Spring,27.8,4.8,8,431.7,242.8,1328.2
560,3,1712,Apartment,Summer,42.9,5.9,7,588.1,238.8,1302.2
561,1,2153,Independent House,Monsoon,27.9,4.1,4,598.9,105.0,432.5
562,3,868,Independent House,Winter,13.6,0.2,13,320.1,169.9,854.35
563,1,1696,Independent House,Spring,22.7,3.2,6,366.6,129.6,592.4
564,3,1082,Villa,Monsoon,29.8,3.6,16,564.7,206.0,1089.0
565,3,594,Independent House,Spring,22.2,8.0,5,402.9,170.7,859.55
566,4,1259,Independent House,Summer,38.6,6.5,12,316.2,271.6,1515.4
567,5,2256,Villa,Winter,7.8,8.8,8,346.4,301.9,1715.58
568,5,2176,Villa,Summer,38.0,5.2,14,561.1,303.1,1725.42
569,7,663,Villa,Winter,13.4,8.5,11,311.3,288.4,1624.6
570,2,1671,Independent House,Spring,22.2,5.6,16,96.6,235.0,1277.5
571,3,3097,Villa,Winter,11.3,6.4,4,127.8,241.7,1321.05
572,4,1888,Villa,Summer,35.1,4.0,7,458.6,215.7,1152.05
573,7,2551,Independent House,Spring,26.7,8.8,10,500.2,340.2,2029.64
574,6,1366,Independent House,Winter,8.6,1.4,8,111.9,235.5,1280.75
575,1,1696,Villa,Spring,22.9,4.7,10,487.9,171.9,867.35
576,1,3043,Villa,Summer,41.0,8.4,4,256.3,277.8,1555.7
577,3,899,Villa,Winter,17.5,8.6,15,251.5,296.3,1675.95
578,3,1261,Apartment,Spring,26.2,6.3,16,360.3,253.9,1400.35
579,7,1762,Villa,Spring,22.8,8.8,6,423.2,291.6,1645.4
580,6,1738,Independent House,Summer,40.2,7.6,8,438.1,319.6,1860.72
581,1,853,Apartment,Winter,13.9,5.2,7,352.7,137.4,643.1
582,3,1110,Villa,Monsoon,26.4,8.0,9,555.8,214.5,1144.25
583,1,494,Villa,Winter,14.1,9.1,17,324.5,220.2,1181.3
584,3,1096,Villa,Summer,42.1,0.1,16,208.0,164.8,821.2
585,7,1490,Independent House,Spring,22.3,3.8,16,466.0,286.9,1614.85
586,4,997,Apartment,Monsoon,26.2,9.8,10,341.2,225.8,1217.7
587,2,1724,Villa,Spring,20.8,6.9,15,113.5,218.3,1168.95
588,2,2328,Independent House,Summer,35.9,0.1,15,398.9,181.0,926.5
589,3,1095,Villa,Spring,21.1,9.3,17,146.6,245.1,1343.15
590,2,2444,Independent House,Monsoon,29.0,9.3,12,374.7,260.7,1444.55
591,2,1692,Villa,Spring,23.5,7.6,7,187.7,158.1,777.65
592,2,546,Independent House,Monsoon,29.6,1.6,17,283.2,185.6,956.4
593,4,2274,Independent House,Summer,33.6,8.5,7,175.9,279.3,1565.45
594,3,2707,Villa,Winter,12.4,5.8,3,517.9,225.7,1217.05
595,1,1564,Villa,Summer,42.9,3.9,6,455.9,159.8,788.7
596,3,2833,Villa,Summer,40.5,3.3,4,498.6,214.3,1142.95
597,5,929,Apartment,Summer,36.2,8.0,12,297.4,305.4,1744.28
598,2,1383,Independent House,Summer,34.1,0.2,9,452.8,103.3,421.45
599,4,2170,Villa,Monsoon,26.2,9.0,7,333.9,238.5,1300.25
600,3,2706,Villa,Spring,23.4,0.9,16,103.0,206.9,1094.85
